{"desktopweb":{"platform":"desktopweb","indexjl":"js","devicemessage":"This device is currently not supported","deviceexception":"Unknown Error Occurred <br/> Contact System Admin","importjsfiles":[],"javascripterrormsg":"To use this site, first enable your browser's JavaScript support and then refresh this page.","version":"1.0.0","category":"desktopweb/","bgcolor":"#ffffff","style":"width:100%; margin: 0px; padding: 0px;","bodyalign":"left","enablexfsdw":false,"enablexfs":"false","isDebug":"false","csslist":[],"jslist":[]},"appconfig":{"buildoption":"debug","applocales":"","spa":"desktopweb","appid":"breakingNews","devicedblookup":"false","smsecure":"","cacheId":"1560429094401","cacheUrl":"breakingNews/1560429094401"}}